{
	"key": "efe3597517f10c610bd86660",
	"addrs": [
		{
			"addr": {
				"id": "64688adf5ed2854517ec731308a329b43b5e03dc",
				"ip": "185.202.239.109",
				"port": 26656
			},
			"src": {
				"id": "0c019ac4e4f39d95355926435e50a25ed589915f",
				"ip": "0.0.0.0",
				"port": 26656
			},
			"buckets": [
				8,
				127
			],
			"attempts": 0,
			"bucket_type": 1,
			"last_attempt": "2022-03-15T12:18:50.309189875Z",
			"last_success": "0001-01-01T00:00:00Z",
			"last_ban_time": "0001-01-01T00:00:00Z"
		},
		{
			"addr": {
				"id": "34a6bf27fa32bac81d6d76e6e2bab3c0ed55f07f",
				"ip": "142.132.227.126",
				"port": 26656
			},
			"src": {
				"id": "4e08eb9d62607d05e3fa3fa52d98a00014c8040b",
				"ip": "0.0.0.0",
				"port": 26656
			},
			"buckets": [
				37,
				119,
				32,
				151
			],
			"attempts": 1,
			"bucket_type": 1,
			"last_attempt": "2022-03-14T22:56:23.272033857Z",
			"last_success": "0001-01-01T00:00:00Z",
			"last_ban_time": "0001-01-01T00:00:00Z"
		},
		{
			"addr": {
				"id": "6265b9aa2c954e7a63932298c23dc29b566a0df3",
				"ip": "144.76.99.153",
				"port": 26656
			},
			"src": {
				"id": "4e08eb9d62607d05e3fa3fa52d98a00014c8040b",
				"ip": "0.0.0.0",
				"port": 26656
			},
			"buckets": [
				102,
				82,
				15,
				254
			],
			"attempts": 14,
			"bucket_type": 1,
			"last_attempt": "2022-03-14T23:01:53.27946406Z",
			"last_success": "0001-01-01T00:00:00Z",
			"last_ban_time": "0001-01-01T00:00:00Z"
		},
		{
			"addr": {
				"id": "28550fc5f2ff8a6210e4452bbac7c042a47eedb3",
				"ip": "38.242.216.223",
				"port": 26656
			},
			"src": {
				"id": "b65efc14137a426a795b5e78cf34def7e5240231",
				"ip": "0.0.0.0",
				"port": 26656
			},
			"buckets": [
				50
			],
			"attempts": 0,
			"bucket_type": 2,
			"last_attempt": "2022-03-17T07:00:44.341576091Z",
			"last_success": "2022-03-17T07:00:44.341576091Z",
			"last_ban_time": "0001-01-01T00:00:00Z"
		},
		{
			"addr": {
				"id": "befc16030de624e26bef7f5131fb56a1972f7dc6",
				"ip": "89.108.83.137",
				"port": 26656
			},
			"src": {
				"id": "0c019ac4e4f39d95355926435e50a25ed589915f",
				"ip": "0.0.0.0",
				"port": 26656
			},
			"buckets": [
				72,
				73,
				247
			],
			"attempts": 0,
			"bucket_type": 1,
			"last_attempt": "2022-03-15T12:18:50.309303857Z",
			"last_success": "0001-01-01T00:00:00Z",
			"last_ban_time": "0001-01-01T00:00:00Z"
		},
		{
			"addr": {
				"id": "880e92981201101b3374e73fa9d816f6bb2ae12c",
				"ip": "185.244.183.208",
				"port": 26656
			},
			"src": {
				"id": "4e08eb9d62607d05e3fa3fa52d98a00014c8040b",
				"ip": "0.0.0.0",
				"port": 26656
			},
			"buckets": [
				10,
				197,
				230,
				71
			],
			"attempts": 6,
			"bucket_type": 1,
			"last_attempt": "2022-03-14T22:57:53.306878893Z",
			"last_success": "0001-01-01T00:00:00Z",
			"last_ban_time": "0001-01-01T00:00:00Z"
		},
		{
			"addr": {
				"id": "5fe5c0ef00959d2f5374b025c53e36843945d00a",
				"ip": "142.132.166.39",
				"port": 26656
			},
			"src": {
				"id": "4e08eb9d62607d05e3fa3fa52d98a00014c8040b",
				"ip": "0.0.0.0",
				"port": 26656
			},
			"buckets": [
				37,
				197,
				244,
				32
			],
			"attempts": 9,
			"bucket_type": 1,
			"last_attempt": "2022-03-14T22:57:50.271080801Z",
			"last_success": "0001-01-01T00:00:00Z",
			"last_ban_time": "0001-01-01T00:00:00Z"
		},
		{
			"addr": {
				"id": "a3eef790ed908e572a812c7a9f62cfba4249336e",
				"ip": "70.34.249.250",
				"port": 26656
			},
			"src": {
				"id": "332dea7332a0c4647a147a08bf50bb2038931e4c",
				"ip": "0.0.0.0",
				"port": 26656
			},
			"buckets": [
				217
			],
			"attempts": 0,
			"bucket_type": 1,
			"last_attempt": "2022-03-15T12:20:20.339735758Z",
			"last_success": "0001-01-01T00:00:00Z",
			"last_ban_time": "0001-01-01T00:00:00Z"
		},
		{
			"addr": {
				"id": "e14abfa4abe60acf7db89e4818dcc73094b3b3cb",
				"ip": "65.108.58.84",
				"port": 26656
			},
			"src": {
				"id": "332dea7332a0c4647a147a08bf50bb2038931e4c",
				"ip": "0.0.0.0",
				"port": 26656
			},
			"buckets": [
				19
			],
			"attempts": 0,
			"bucket_type": 1,
			"last_attempt": "2022-03-15T12:20:20.339887099Z",
			"last_success": "0001-01-01T00:00:00Z",
			"last_ban_time": "0001-01-01T00:00:00Z"
		},
		{
			"addr": {
				"id": "ac5229250ee0205c41b718077b4221c053d20f9c",
				"ip": "65.21.59.84",
				"port": 26656
			},
			"src": {
				"id": "4e08eb9d62607d05e3fa3fa52d98a00014c8040b",
				"ip": "0.0.0.0",
				"port": 26656
			},
			"buckets": [
				59,
				237,
				2,
				8
			],
			"attempts": 11,
			"bucket_type": 1,
			"last_attempt": "2022-03-14T23:01:23.30257783Z",
			"last_success": "0001-01-01T00:00:00Z",
			"last_ban_time": "0001-01-01T00:00:00Z"
		},
		{
			"addr": {
				"id": "74a8e54f92cc931875dcfc2a82ea3b15b44e27ed",
				"ip": "95.31.16.222",
				"port": 26656
			},
			"src": {
				"id": "4e08eb9d62607d05e3fa3fa52d98a00014c8040b",
				"ip": "0.0.0.0",
				"port": 26656
			},
			"buckets": [
				233,
				75,
				241,
				155
			],
			"attempts": 10,
			"bucket_type": 1,
			"last_attempt": "2022-03-14T23:01:21.267696539Z",
			"last_success": "0001-01-01T00:00:00Z",
			"last_ban_time": "0001-01-01T00:00:00Z"
		},
		{
			"addr": {
				"id": "c89c86c0476d9d536c3865c11bdec86c529d4a6a",
				"ip": "89.163.223.210",
				"port": 26656
			},
			"src": {
				"id": "4e08eb9d62607d05e3fa3fa52d98a00014c8040b",
				"ip": "0.0.0.0",
				"port": 26656
			},
			"buckets": [
				156,
				52,
				98,
				44
			],
			"attempts": 8,
			"bucket_type": 1,
			"last_attempt": "2022-03-14T22:53:23.276857253Z",
			"last_success": "0001-01-01T00:00:00Z",
			"last_ban_time": "0001-01-01T00:00:00Z"
		},
		{
			"addr": {
				"id": "4ba9c1b8e67db926ffb917f2c108e4237c530799",
				"ip": "159.69.82.188",
				"port": 26656
			},
			"src": {
				"id": "0c019ac4e4f39d95355926435e50a25ed589915f",
				"ip": "0.0.0.0",
				"port": 26656
			},
			"buckets": [
				160,
				209
			],
			"attempts": 0,
			"bucket_type": 1,
			"last_attempt": "2022-03-15T12:18:50.309349432Z",
			"last_success": "0001-01-01T00:00:00Z",
			"last_ban_time": "0001-01-01T00:00:00Z"
		},
		{
			"addr": {
				"id": "fa7e2568b94536fc87611805964ffa4ee8d3fb04",
				"ip": "139.28.222.113",
				"port": 26656
			},
			"src": {
				"id": "9f5c743e6d803cf68ec44cad1692289566e83005",
				"ip": "5.161.56.209",
				"port": 26656
			},
			"buckets": [
				85
			],
			"attempts": 0,
			"bucket_type": 1,
			"last_attempt": "2022-03-15T12:19:50.567874756Z",
			"last_success": "0001-01-01T00:00:00Z",
			"last_ban_time": "0001-01-01T00:00:00Z"
		},
		{
			"addr": {
				"id": "23429bfe6da0a6065863c783c7dcc00bf561e146",
				"ip": "159.69.242.74",
				"port": 26656
			},
			"src": {
				"id": "4e08eb9d62607d05e3fa3fa52d98a00014c8040b",
				"ip": "0.0.0.0",
				"port": 26656
			},
			"buckets": [
				160,
				52,
				12,
				108
			],
			"attempts": 5,
			"bucket_type": 1,
			"last_attempt": "2022-03-15T13:37:53.272101872Z",
			"last_success": "0001-01-01T00:00:00Z",
			"last_ban_time": "0001-01-01T00:00:00Z"
		},
		{
			"addr": {
				"id": "254513d06b30144b307b48b147d95d411969c18c",
				"ip": "141.95.65.26",
				"port": 26656
			},
			"src": {
				"id": "34a6bf27fa32bac81d6d76e6e2bab3c0ed55f07f",
				"ip": "142.132.227.126",
				"port": 26656
			},
			"buckets": [
				52
			],
			"attempts": 0,
			"bucket_type": 2,
			"last_attempt": "2022-03-17T07:00:50.478609244Z",
			"last_success": "2022-03-17T07:00:50.478609244Z",
			"last_ban_time": "0001-01-01T00:00:00Z"
		},
		{
			"addr": {
				"id": "0afc815b4a23bd0e35107621f4b5c084282ff47b",
				"ip": "206.221.185.106",
				"port": 26656
			},
			"src": {
				"id": "b65efc14137a426a795b5e78cf34def7e5240231",
				"ip": "0.0.0.0",
				"port": 26656
			},
			"buckets": [
				8,
				95,
				147
			],
			"attempts": 0,
			"bucket_type": 1,
			"last_attempt": "2022-03-15T12:18:20.494201184Z",
			"last_success": "0001-01-01T00:00:00Z",
			"last_ban_time": "0001-01-01T00:00:00Z"
		},
		{
			"addr": {
				"id": "52bee02dd9d40b55f4ca2aab261f8a73908e1ec5",
				"ip": "91.105.131.140",
				"port": 26656
			},
			"src": {
				"id": "332dea7332a0c4647a147a08bf50bb2038931e4c",
				"ip": "0.0.0.0",
				"port": 26656
			},
			"buckets": [
				194
			],
			"attempts": 0,
			"bucket_type": 1,
			"last_attempt": "2022-03-15T12:20:20.339948724Z",
			"last_success": "0001-01-01T00:00:00Z",
			"last_ban_time": "0001-01-01T00:00:00Z"
		},
		{
			"addr": {
				"id": "608a9bc1c050de3f30e562c33cb55c4d37405b1a",
				"ip": "95.217.218.107",
				"port": 26656
			},
			"src": {
				"id": "4e08eb9d62607d05e3fa3fa52d98a00014c8040b",
				"ip": "0.0.0.0",
				"port": 26656
			},
			"buckets": [
				18
			],
			"attempts": 0,
			"bucket_type": 2,
			"last_attempt": "2022-03-17T06:08:26.019016527Z",
			"last_success": "2022-03-17T06:08:26.019016527Z",
			"last_ban_time": "0001-01-01T00:00:00Z"
		},
		{
			"addr": {
				"id": "9f82148d37247bef266c60a5c9cc13b37b69beb1",
				"ip": "142.132.239.252",
				"port": 26656
			},
			"src": {
				"id": "b65efc14137a426a795b5e78cf34def7e5240231",
				"ip": "0.0.0.0",
				"port": 26656
			},
			"buckets": [
				32,
				135
			],
			"attempts": 0,
			"bucket_type": 1,
			"last_attempt": "2022-03-15T12:18:20.494084045Z",
			"last_success": "0001-01-01T00:00:00Z",
			"last_ban_time": "0001-01-01T00:00:00Z"
		},
		{
			"addr": {
				"id": "220699615d2a773b648cd454f490e1d4731567a4",
				"ip": "45.14.12.89",
				"port": 26656
			},
			"src": {
				"id": "214b0c7fd60bd64492401be9da5605e5a89093f3",
				"ip": "91.218.247.13",
				"port": 26656
			},
			"buckets": [
				145,
				230
			],
			"attempts": 0,
			"bucket_type": 1,
			"last_attempt": "2022-03-15T12:20:50.632178872Z",
			"last_success": "0001-01-01T00:00:00Z",
			"last_ban_time": "0001-01-01T00:00:00Z"
		},
		{
			"addr": {
				"id": "3de1719e106e91c1353c1ca01fcd05abf79fd445",
				"ip": "95.165.96.100",
				"port": 26666
			},
			"src": {
				"id": "28550fc5f2ff8a6210e4452bbac7c042a47eedb3",
				"ip": "38.242.216.223",
				"port": 26656
			},
			"buckets": [
				221
			],
			"attempts": 0,
			"bucket_type": 1,
			"last_attempt": "2022-03-15T13:38:50.524681529Z",
			"last_success": "0001-01-01T00:00:00Z",
			"last_ban_time": "0001-01-01T00:00:00Z"
		},
		{
			"addr": {
				"id": "d20eb01756428969965b282b09865834c36f890f",
				"ip": "95.216.206.112",
				"port": 26656
			},
			"src": {
				"id": "214b0c7fd60bd64492401be9da5605e5a89093f3",
				"ip": "91.218.247.13",
				"port": 26656
			},
			"buckets": [
				149,
				186
			],
			"attempts": 0,
			"bucket_type": 1,
			"last_attempt": "2022-03-15T12:20:50.632167221Z",
			"last_success": "0001-01-01T00:00:00Z",
			"last_ban_time": "0001-01-01T00:00:00Z"
		},
		{
			"addr": {
				"id": "2d18d21fdcc3ed75fc030b5dbe7d41368b0bd774",
				"ip": "65.21.7.204",
				"port": 26656
			},
			"src": {
				"id": "4e08eb9d62607d05e3fa3fa52d98a00014c8040b",
				"ip": "0.0.0.0",
				"port": 26656
			},
			"buckets": [
				8
			],
			"attempts": 0,
			"bucket_type": 1,
			"last_attempt": "2022-03-15T13:37:50.374714371Z",
			"last_success": "0001-01-01T00:00:00Z",
			"last_ban_time": "0001-01-01T00:00:00Z"
		},
		{
			"addr": {
				"id": "9f5c743e6d803cf68ec44cad1692289566e83005",
				"ip": "5.161.56.209",
				"port": 26656
			},
			"src": {
				"id": "4e08eb9d62607d05e3fa3fa52d98a00014c8040b",
				"ip": "0.0.0.0",
				"port": 26656
			},
			"buckets": [
				48
			],
			"attempts": 0,
			"bucket_type": 2,
			"last_attempt": "2022-03-17T05:10:56.036169026Z",
			"last_success": "2022-03-17T05:10:56.036169026Z",
			"last_ban_time": "0001-01-01T00:00:00Z"
		},
		{
			"addr": {
				"id": "ab1dad840619ce421109ec9c1d806e39936dad9a",
				"ip": "161.97.186.205",
				"port": 26656
			},
			"src": {
				"id": "608a9bc1c050de3f30e562c33cb55c4d37405b1a",
				"ip": "95.217.218.107",
				"port": 26656
			},
			"buckets": [
				193
			],
			"attempts": 0,
			"bucket_type": 1,
			"last_attempt": "2022-03-15T12:20:50.493623242Z",
			"last_success": "0001-01-01T00:00:00Z",
			"last_ban_time": "0001-01-01T00:00:00Z"
		},
		{
			"addr": {
				"id": "feefb63d183e9fc8e6f6f3544f1f5760d67a7052",
				"ip": "207.244.245.125",
				"port": 26656
			},
			"src": {
				"id": "28550fc5f2ff8a6210e4452bbac7c042a47eedb3",
				"ip": "38.242.216.223",
				"port": 26656
			},
			"buckets": [
				23,
				249
			],
			"attempts": 0,
			"bucket_type": 1,
			"last_attempt": "2022-03-15T13:38:50.524891301Z",
			"last_success": "0001-01-01T00:00:00Z",
			"last_ban_time": "0001-01-01T00:00:00Z"
		},
		{
			"addr": {
				"id": "be315c1382470115f587bcd413ac12576a7bf26c",
				"ip": "217.79.180.227",
				"port": 26656
			},
			"src": {
				"id": "0c019ac4e4f39d95355926435e50a25ed589915f",
				"ip": "0.0.0.0",
				"port": 26656
			},
			"buckets": [
				8
			],
			"attempts": 0,
			"bucket_type": 1,
			"last_attempt": "2022-03-15T12:18:50.309246199Z",
			"last_success": "0001-01-01T00:00:00Z",
			"last_ban_time": "0001-01-01T00:00:00Z"
		},
		{
			"addr": {
				"id": "3533765d7d1f5b79843d80be97d32fb12c0be29d",
				"ip": "34.116.233.216",
				"port": 26656
			},
			"src": {
				"id": "214b0c7fd60bd64492401be9da5605e5a89093f3",
				"ip": "91.218.247.13",
				"port": 26656
			},
			"buckets": [
				36
			],
			"attempts": 0,
			"bucket_type": 1,
			"last_attempt": "2022-03-15T12:20:50.631902458Z",
			"last_success": "0001-01-01T00:00:00Z",
			"last_ban_time": "0001-01-01T00:00:00Z"
		},
		{
			"addr": {
				"id": "bae4dbfc31817154524154e72fa73eb4cb6923a7",
				"ip": "62.113.103.170",
				"port": 26656
			},
			"src": {
				"id": "4e08eb9d62607d05e3fa3fa52d98a00014c8040b",
				"ip": "0.0.0.0",
				"port": 26656
			},
			"buckets": [
				45
			],
			"attempts": 0,
			"bucket_type": 2,
			"last_attempt": "2022-03-15T11:47:51.823396259Z",
			"last_success": "2022-03-15T11:47:51.823396259Z",
			"last_ban_time": "0001-01-01T00:00:00Z"
		},
		{
			"addr": {
				"id": "33baa872768e12d4100bce5eb875b90b8739a1d4",
				"ip": "185.214.134.154",
				"port": 46656
			},
			"src": {
				"id": "b65efc14137a426a795b5e78cf34def7e5240231",
				"ip": "0.0.0.0",
				"port": 26656
			},
			"buckets": [
				117,
				74,
				178
			],
			"attempts": 0,
			"bucket_type": 1,
			"last_attempt": "2022-03-15T12:18:20.494022531Z",
			"last_success": "0001-01-01T00:00:00Z",
			"last_ban_time": "0001-01-01T00:00:00Z"
		},
		{
			"addr": {
				"id": "5cff92eeb11c71c04355770035c39cbb2625f3f7",
				"ip": "89.109.12.115",
				"port": 26656
			},
			"src": {
				"id": "332dea7332a0c4647a147a08bf50bb2038931e4c",
				"ip": "0.0.0.0",
				"port": 26656
			},
			"buckets": [
				8
			],
			"attempts": 0,
			"bucket_type": 1,
			"last_attempt": "2022-03-15T12:20:20.339928566Z",
			"last_success": "0001-01-01T00:00:00Z",
			"last_ban_time": "0001-01-01T00:00:00Z"
		},
		{
			"addr": {
				"id": "fc33c67ad85545fdc5a3ab9f1dbb6661da2721ae",
				"ip": "161.97.89.111",
				"port": 26656
			},
			"src": {
				"id": "214b0c7fd60bd64492401be9da5605e5a89093f3",
				"ip": "91.218.247.13",
				"port": 26656
			},
			"buckets": [
				71,
				217
			],
			"attempts": 0,
			"bucket_type": 1,
			"last_attempt": "2022-03-15T12:20:50.632018303Z",
			"last_success": "0001-01-01T00:00:00Z",
			"last_ban_time": "0001-01-01T00:00:00Z"
		},
		{
			"addr": {
				"id": "446d0940ff4ef2bee74c195cb133350fd8e6acfd",
				"ip": "46.30.188.154",
				"port": 26656
			},
			"src": {
				"id": "4e08eb9d62607d05e3fa3fa52d98a00014c8040b",
				"ip": "0.0.0.0",
				"port": 26656
			},
			"buckets": [
				194
			],
			"attempts": 0,
			"bucket_type": 1,
			"last_attempt": "2022-03-15T13:38:20.471948461Z",
			"last_success": "0001-01-01T00:00:00Z",
			"last_ban_time": "0001-01-01T00:00:00Z"
		},
		{
			"addr": {
				"id": "caa922ad2efa5b4564e6627414c1e47b644023ac",
				"ip": "80.82.215.56",
				"port": 26656
			},
			"src": {
				"id": "4e08eb9d62607d05e3fa3fa52d98a00014c8040b",
				"ip": "0.0.0.0",
				"port": 26656
			},
			"buckets": [
				207,
				160,
				175,
				116
			],
			"attempts": 9,
			"bucket_type": 1,
			"last_attempt": "2022-03-14T22:54:23.277744484Z",
			"last_success": "0001-01-01T00:00:00Z",
			"last_ban_time": "0001-01-01T00:00:00Z"
		},
		{
			"addr": {
				"id": "1f6dd298271684729d0a88402b1265e2ae8b7e7b",
				"ip": "162.55.172.244",
				"port": 26656
			},
			"src": {
				"id": "4e08eb9d62607d05e3fa3fa52d98a00014c8040b",
				"ip": "0.0.0.0",
				"port": 26656
			},
			"buckets": [
				127,
				89,
				153,
				197
			],
			"attempts": 8,
			"bucket_type": 1,
			"last_attempt": "2022-03-15T12:19:53.272735582Z",
			"last_success": "0001-01-01T00:00:00Z",
			"last_ban_time": "0001-01-01T00:00:00Z"
		},
		{
			"addr": {
				"id": "c0552b3b9c4623e193e75d28cc17ae91a214e56c",
				"ip": "159.69.117.79",
				"port": 26656
			},
			"src": {
				"id": "4e08eb9d62607d05e3fa3fa52d98a00014c8040b",
				"ip": "0.0.0.0",
				"port": 26656
			},
			"buckets": [
				160,
				52,
				237,
				106
			],
			"attempts": 9,
			"bucket_type": 1,
			"last_attempt": "2022-03-15T12:18:53.270737729Z",
			"last_success": "0001-01-01T00:00:00Z",
			"last_ban_time": "0001-01-01T00:00:00Z"
		},
		{
			"addr": {
				"id": "214b0c7fd60bd64492401be9da5605e5a89093f3",
				"ip": "91.218.247.13",
				"port": 26656
			},
			"src": {
				"id": "4e08eb9d62607d05e3fa3fa52d98a00014c8040b",
				"ip": "0.0.0.0",
				"port": 26656
			},
			"buckets": [
				36
			],
			"attempts": 0,
			"bucket_type": 2,
			"last_attempt": "2022-03-15T13:34:49.809198008Z",
			"last_success": "2022-03-15T13:34:49.809198008Z",
			"last_ban_time": "0001-01-01T00:00:00Z"
		},
		{
			"addr": {
				"id": "6229c7e16476c6561386ae6b889c3b45514c8b96",
				"ip": "213.21.10.201",
				"port": 26656
			},
			"src": {
				"id": "b65efc14137a426a795b5e78cf34def7e5240231",
				"ip": "0.0.0.0",
				"port": 26656
			},
			"buckets": [
				117,
				252
			],
			"attempts": 0,
			"bucket_type": 1,
			"last_attempt": "2022-03-15T12:18:20.494183842Z",
			"last_success": "0001-01-01T00:00:00Z",
			"last_ban_time": "0001-01-01T00:00:00Z"
		},
		{
			"addr": {
				"id": "0c019ac4e4f39d95355926435e50a25ed589915f",
				"ip": "89.163.151.226",
				"port": 26656
			},
			"src": {
				"id": "4e08eb9d62607d05e3fa3fa52d98a00014c8040b",
				"ip": "0.0.0.0",
				"port": 26656
			},
			"buckets": [
				30
			],
			"attempts": 0,
			"bucket_type": 2,
			"last_attempt": "2022-03-17T06:54:49.146563842Z",
			"last_success": "2022-03-17T06:54:49.146563842Z",
			"last_ban_time": "0001-01-01T00:00:00Z"
		},
		{
			"addr": {
				"id": "6cab74e39a58fdfd10a1d1bb3ab61fbd667e923d",
				"ip": "62.141.36.187",
				"port": 26656
			},
			"src": {
				"id": "0c019ac4e4f39d95355926435e50a25ed589915f",
				"ip": "0.0.0.0",
				"port": 26656
			},
			"buckets": [
				38
			],
			"attempts": 0,
			"bucket_type": 1,
			"last_attempt": "2022-03-15T12:18:50.309263752Z",
			"last_success": "0001-01-01T00:00:00Z",
			"last_ban_time": "0001-01-01T00:00:00Z"
		},
		{
			"addr": {
				"id": "fb5cfb5a53926f613c51813bd73641d84cfe2a10",
				"ip": "178.18.242.153",
				"port": 26656
			},
			"src": {
				"id": "9f5c743e6d803cf68ec44cad1692289566e83005",
				"ip": "5.161.56.209",
				"port": 26656
			},
			"buckets": [
				184,
				117
			],
			"attempts": 0,
			"bucket_type": 1,
			"last_attempt": "2022-03-15T12:19:50.567900384Z",
			"last_success": "0001-01-01T00:00:00Z",
			"last_ban_time": "0001-01-01T00:00:00Z"
		},
		{
			"addr": {
				"id": "9e624141be9da80a621c53da3996fa62d3f9dc42",
				"ip": "173.249.1.75",
				"port": 26656
			},
			"src": {
				"id": "4e08eb9d62607d05e3fa3fa52d98a00014c8040b",
				"ip": "0.0.0.0",
				"port": 26656
			},
			"buckets": [
				58
			],
			"attempts": 0,
			"bucket_type": 1,
			"last_attempt": "2022-03-15T13:38:20.471898808Z",
			"last_success": "0001-01-01T00:00:00Z",
			"last_ban_time": "0001-01-01T00:00:00Z"
		},
		{
			"addr": {
				"id": "a3feeff1709b055bab25a5fa3da3cbea4ab0e4f0",
				"ip": "95.143.218.130",
				"port": 26656
			},
			"src": {
				"id": "4e08eb9d62607d05e3fa3fa52d98a00014c8040b",
				"ip": "0.0.0.0",
				"port": 26656
			},
			"buckets": [
				186
			],
			"attempts": 0,
			"bucket_type": 1,
			"last_attempt": "2022-03-15T13:38:20.472043769Z",
			"last_success": "0001-01-01T00:00:00Z",
			"last_ban_time": "0001-01-01T00:00:00Z"
		},
		{
			"addr": {
				"id": "d4f03744f571aa9eaf3d70191345320a94b63e26",
				"ip": "146.0.40.114",
				"port": 26656
			},
			"src": {
				"id": "28550fc5f2ff8a6210e4452bbac7c042a47eedb3",
				"ip": "38.242.216.223",
				"port": 26656
			},
			"buckets": [
				44
			],
			"attempts": 0,
			"bucket_type": 1,
			"last_attempt": "2022-03-15T13:38:50.524564121Z",
			"last_success": "0001-01-01T00:00:00Z",
			"last_ban_time": "0001-01-01T00:00:00Z"
		},
		{
			"addr": {
				"id": "4e08eb9d62607d05e3fa3fa52d98a00014c8040b",
				"ip": "162.55.90.254",
				"port": 26656
			},
			"src": {
				"id": "780c5062174c6774d4cbe93b41ef01d694cd8150",
				"ip": "0.0.0.0",
				"port": 26656
			},
			"buckets": [
				44
			],
			"attempts": 0,
			"bucket_type": 2,
			"last_attempt": "2022-03-17T06:57:33.716091065Z",
			"last_success": "2022-03-17T06:57:33.716091065Z",
			"last_ban_time": "0001-01-01T00:00:00Z"
		},
		{
			"addr": {
				"id": "31af48694551c72dd8a04bd5cafcdff9aecb7ec5",
				"ip": "128.0.139.225",
				"port": 26756
			},
			"src": {
				"id": "4e08eb9d62607d05e3fa3fa52d98a00014c8040b",
				"ip": "0.0.0.0",
				"port": 26656
			},
			"buckets": [
				47,
				192,
				2,
				72
			],
			"attempts": 11,
			"bucket_type": 1,
			"last_attempt": "2022-03-14T23:05:50.315486761Z",
			"last_success": "0001-01-01T00:00:00Z",
			"last_ban_time": "0001-01-01T00:00:00Z"
		},
		{
			"addr": {
				"id": "6d29bda9f0ddcb35a24c54e566ec63d513b0292e",
				"ip": "173.208.246.146",
				"port": 26656
			},
			"src": {
				"id": "0c019ac4e4f39d95355926435e50a25ed589915f",
				"ip": "0.0.0.0",
				"port": 26656
			},
			"buckets": [
				184
			],
			"attempts": 0,
			"bucket_type": 1,
			"last_attempt": "2022-03-15T12:19:20.47822648Z",
			"last_success": "0001-01-01T00:00:00Z",
			"last_ban_time": "0001-01-01T00:00:00Z"
		},
		{
			"addr": {
				"id": "110536426b980407b750b2f04f291185cd74c16f",
				"ip": "94.130.111.155",
				"port": 26757
			},
			"src": {
				"id": "4e08eb9d62607d05e3fa3fa52d98a00014c8040b",
				"ip": "0.0.0.0",
				"port": 26656
			},
			"buckets": [
				52,
				162,
				216,
				217
			],
			"attempts": 11,
			"bucket_type": 1,
			"last_attempt": "2022-03-14T23:00:20.269440223Z",
			"last_success": "0001-01-01T00:00:00Z",
			"last_ban_time": "0001-01-01T00:00:00Z"
		},
		{
			"addr": {
				"id": "c5a3b53d3a2d11bffb1d23c1bd8328158f6de04c",
				"ip": "65.108.101.18",
				"port": 26656
			},
			"src": {
				"id": "4e08eb9d62607d05e3fa3fa52d98a00014c8040b",
				"ip": "0.0.0.0",
				"port": 26656
			},
			"buckets": [
				69,
				142,
				19,
				240
			],
			"attempts": 3,
			"bucket_type": 1,
			"last_attempt": "2022-03-14T23:02:51.268301297Z",
			"last_success": "0001-01-01T00:00:00Z",
			"last_ban_time": "0001-01-01T00:00:00Z"
		},
		{
			"addr": {
				"id": "b2c842a660a9c1a6d1473c93b8abc801011cc2fb",
				"ip": "116.203.229.219",
				"port": 26656
			},
			"src": {
				"id": "4e08eb9d62607d05e3fa3fa52d98a00014c8040b",
				"ip": "0.0.0.0",
				"port": 26656
			},
			"buckets": [
				69,
				130,
				117,
				9
			],
			"attempts": 8,
			"bucket_type": 1,
			"last_attempt": "2022-03-15T13:38:23.270336355Z",
			"last_success": "0001-01-01T00:00:00Z",
			"last_ban_time": "0001-01-01T00:00:00Z"
		},
		{
			"addr": {
				"id": "70e2d2acae2b8d915e3899d6e9290c62921efcde",
				"ip": "142.132.191.243",
				"port": 26656
			},
			"src": {
				"id": "4e08eb9d62607d05e3fa3fa52d98a00014c8040b",
				"ip": "0.0.0.0",
				"port": 26656
			},
			"buckets": [
				37,
				197,
				119,
				160
			],
			"attempts": 2,
			"bucket_type": 1,
			"last_attempt": "2022-03-14T23:02:53.271421842Z",
			"last_success": "0001-01-01T00:00:00Z",
			"last_ban_time": "0001-01-01T00:00:00Z"
		},
		{
			"addr": {
				"id": "395663168616f86bf4ba9c7460e01be5970e5082",
				"ip": "161.97.143.65",
				"port": 26656
			},
			"src": {
				"id": "4e08eb9d62607d05e3fa3fa52d98a00014c8040b",
				"ip": "0.0.0.0",
				"port": 26656
			},
			"buckets": [
				217,
				71
			],
			"attempts": 0,
			"bucket_type": 1,
			"last_attempt": "2022-03-14T23:33:04.641268513Z",
			"last_success": "0001-01-01T00:00:00Z",
			"last_ban_time": "0001-01-01T00:00:00Z"
		},
		{
			"addr": {
				"id": "9cdfaa0155b499ba0395526e5da2152656a5a236",
				"ip": "188.34.180.80",
				"port": 26656
			},
			"src": {
				"id": "b65efc14137a426a795b5e78cf34def7e5240231",
				"ip": "0.0.0.0",
				"port": 26656
			},
			"buckets": [
				58,
				52
			],
			"attempts": 0,
			"bucket_type": 1,
			"last_attempt": "2022-03-15T12:18:20.4942311Z",
			"last_success": "0001-01-01T00:00:00Z",
			"last_ban_time": "0001-01-01T00:00:00Z"
		},
		{
			"addr": {
				"id": "85d470d79bac485e81db390b15865af3035c31aa",
				"ip": "89.163.208.161",
				"port": 26656
			},
			"src": {
				"id": "0c019ac4e4f39d95355926435e50a25ed589915f",
				"ip": "0.0.0.0",
				"port": 26656
			},
			"buckets": [
				194
			],
			"attempts": 0,
			"bucket_type": 1,
			"last_attempt": "2022-03-15T12:18:50.309100749Z",
			"last_success": "0001-01-01T00:00:00Z",
			"last_ban_time": "0001-01-01T00:00:00Z"
		},
		{
			"addr": {
				"id": "04a9453ad395f098e36ddc3af9651064cd380af5",
				"ip": "149.248.58.54",
				"port": 26656
			},
			"src": {
				"id": "332dea7332a0c4647a147a08bf50bb2038931e4c",
				"ip": "0.0.0.0",
				"port": 26656
			},
			"buckets": [
				131
			],
			"attempts": 0,
			"bucket_type": 1,
			"last_attempt": "2022-03-15T12:20:20.33978055Z",
			"last_success": "0001-01-01T00:00:00Z",
			"last_ban_time": "0001-01-01T00:00:00Z"
		},
		{
			"addr": {
				"id": "178dfe58e3d68205269224c7c4e1cad37845b609",
				"ip": "62.141.38.94",
				"port": 26656
			},
			"src": {
				"id": "608a9bc1c050de3f30e562c33cb55c4d37405b1a",
				"ip": "95.217.218.107",
				"port": 26656
			},
			"buckets": [
				72,
				184
			],
			"attempts": 0,
			"bucket_type": 1,
			"last_attempt": "2022-03-15T12:20:50.49350979Z",
			"last_success": "0001-01-01T00:00:00Z",
			"last_ban_time": "0001-01-01T00:00:00Z"
		},
		{
			"addr": {
				"id": "7cee2816823c40f3fa5cb933461d67202c158886",
				"ip": "142.132.134.112",
				"port": 27656
			},
			"src": {
				"id": "4e08eb9d62607d05e3fa3fa52d98a00014c8040b",
				"ip": "0.0.0.0",
				"port": 26656
			},
			"buckets": [
				37,
				119,
				197,
				32
			],
			"attempts": 3,
			"bucket_type": 1,
			"last_attempt": "2022-03-14T22:31:35.854226631Z",
			"last_success": "0001-01-01T00:00:00Z",
			"last_ban_time": "0001-01-01T00:00:00Z"
		},
		{
			"addr": {
				"id": "544954480f1c051ef035486971a8d695ad23d6ec",
				"ip": "38.242.221.64",
				"port": 26656
			},
			"src": {
				"id": "b65efc14137a426a795b5e78cf34def7e5240231",
				"ip": "0.0.0.0",
				"port": 26656
			},
			"buckets": [
				213,
				85
			],
			"attempts": 0,
			"bucket_type": 1,
			"last_attempt": "2022-03-15T12:18:20.494100947Z",
			"last_success": "0001-01-01T00:00:00Z",
			"last_ban_time": "0001-01-01T00:00:00Z"
		},
		{
			"addr": {
				"id": "57acc46a0bf895730954bd0742220a6106356204",
				"ip": "62.141.46.58",
				"port": 26656
			},
			"src": {
				"id": "0c019ac4e4f39d95355926435e50a25ed589915f",
				"ip": "0.0.0.0",
				"port": 26656
			},
			"buckets": [
				38,
				3,
				184
			],
			"attempts": 0,
			"bucket_type": 1,
			"last_attempt": "2022-03-15T12:19:20.477977446Z",
			"last_success": "0001-01-01T00:00:00Z",
			"last_ban_time": "0001-01-01T00:00:00Z"
		},
		{
			"addr": {
				"id": "07a22eb00d69c912cc97611b2c30b24b56eee618",
				"ip": "94.130.54.171",
				"port": 26656
			},
			"src": {
				"id": "0c019ac4e4f39d95355926435e50a25ed589915f",
				"ip": "0.0.0.0",
				"port": 26656
			},
			"buckets": [
				217
			],
			"attempts": 0,
			"bucket_type": 1,
			"last_attempt": "2022-03-15T12:19:20.478104613Z",
			"last_success": "0001-01-01T00:00:00Z",
			"last_ban_time": "0001-01-01T00:00:00Z"
		},
		{
			"addr": {
				"id": "70e6fc6f337391bb6d12fe1316a6849f82e9cf4d",
				"ip": "38.242.193.148",
				"port": 26656
			},
			"src": {
				"id": "214b0c7fd60bd64492401be9da5605e5a89093f3",
				"ip": "91.218.247.13",
				"port": 26656
			},
			"buckets": [
				173
			],
			"attempts": 0,
			"bucket_type": 1,
			"last_attempt": "2022-03-15T12:20:50.632070351Z",
			"last_success": "0001-01-01T00:00:00Z",
			"last_ban_time": "0001-01-01T00:00:00Z"
		},
		{
			"addr": {
				"id": "dec550ef06568d53cd02df33cb05986e65d90e9f",
				"ip": "65.108.135.204",
				"port": 26656
			},
			"src": {
				"id": "4e08eb9d62607d05e3fa3fa52d98a00014c8040b",
				"ip": "0.0.0.0",
				"port": 26656
			},
			"buckets": [
				69,
				89,
				142,
				19
			],
			"attempts": 3,
			"bucket_type": 1,
			"last_attempt": "2022-03-14T22:46:53.292240794Z",
			"last_success": "0001-01-01T00:00:00Z",
			"last_ban_time": "0001-01-01T00:00:00Z"
		},
		{
			"addr": {
				"id": "1f23814781bbb775e7075f0386ba0966c8bcb5c0",
				"ip": "94.130.15.243",
				"port": 26656
			},
			"src": {
				"id": "214b0c7fd60bd64492401be9da5605e5a89093f3",
				"ip": "91.218.247.13",
				"port": 26656
			},
			"buckets": [
				169
			],
			"attempts": 0,
			"bucket_type": 1,
			"last_attempt": "2022-03-15T12:20:50.63200575Z",
			"last_success": "0001-01-01T00:00:00Z",
			"last_ban_time": "0001-01-01T00:00:00Z"
		},
		{
			"addr": {
				"id": "dc2b4ea9974e088872e6bdf76e175a1102483f35",
				"ip": "78.46.64.188",
				"port": 26656
			},
			"src": {
				"id": "214b0c7fd60bd64492401be9da5605e5a89093f3",
				"ip": "91.218.247.13",
				"port": 26656
			},
			"buckets": [
				76,
				120
			],
			"attempts": 0,
			"bucket_type": 1,
			"last_attempt": "2022-03-15T12:20:50.63215569Z",
			"last_success": "0001-01-01T00:00:00Z",
			"last_ban_time": "0001-01-01T00:00:00Z"
		},
		{
			"addr": {
				"id": "8b468e6b2cba96fd2fea1f565074500d8a4b7c46",
				"ip": "95.217.22.170",
				"port": 26656
			},
			"src": {
				"id": "4e08eb9d62607d05e3fa3fa52d98a00014c8040b",
				"ip": "0.0.0.0",
				"port": 26656
			},
			"buckets": [
				19,
				213,
				219,
				221
			],
			"attempts": 10,
			"bucket_type": 1,
			"last_attempt": "2022-03-14T23:05:23.342680952Z",
			"last_success": "0001-01-01T00:00:00Z",
			"last_ban_time": "0001-01-01T00:00:00Z"
		},
		{
			"addr": {
				"id": "4a701d399a0cd4a577e5b30c9d3cc5d75854936e",
				"ip": "95.214.53.132",
				"port": 26456
			},
			"src": {
				"id": "780c5062174c6774d4cbe93b41ef01d694cd8150",
				"ip": "0.0.0.0",
				"port": 26656
			},
			"buckets": [
				207,
				12,
				75,
				15
			],
			"attempts": 9,
			"bucket_type": 1,
			"last_attempt": "2022-03-14T23:04:23.286540213Z",
			"last_success": "0001-01-01T00:00:00Z",
			"last_ban_time": "0001-01-01T00:00:00Z"
		},
		{
			"addr": {
				"id": "9e667b85f6cbe7adeba6e48ed28cf04382a7b28b",
				"ip": "65.108.149.106",
				"port": 26656
			},
			"src": {
				"id": "4e08eb9d62607d05e3fa3fa52d98a00014c8040b",
				"ip": "0.0.0.0",
				"port": 26656
			},
			"buckets": [
				69,
				142,
				253,
				19
			],
			"attempts": 6,
			"bucket_type": 1,
			"last_attempt": "2022-03-14T23:00:23.292389195Z",
			"last_success": "0001-01-01T00:00:00Z",
			"last_ban_time": "0001-01-01T00:00:00Z"
		},
		{
			"addr": {
				"id": "aa77261c564013032561210164b66f1f84238233",
				"ip": "173.208.223.146",
				"port": 26656
			},
			"src": {
				"id": "0c019ac4e4f39d95355926435e50a25ed589915f",
				"ip": "0.0.0.0",
				"port": 26656
			},
			"buckets": [
				184,
				163
			],
			"attempts": 0,
			"bucket_type": 1,
			"last_attempt": "2022-03-15T12:18:50.309162293Z",
			"last_success": "0001-01-01T00:00:00Z",
			"last_ban_time": "0001-01-01T00:00:00Z"
		},
		{
			"addr": {
				"id": "e65c63fae5d4ca2d91b5611794dfd47939c4bb64",
				"ip": "178.18.242.181",
				"port": 26656
			},
			"src": {
				"id": "9f5c743e6d803cf68ec44cad1692289566e83005",
				"ip": "5.161.56.209",
				"port": 26656
			},
			"buckets": [
				184,
				23
			],
			"attempts": 0,
			"bucket_type": 1,
			"last_attempt": "2022-03-15T12:19:50.567709869Z",
			"last_success": "0001-01-01T00:00:00Z",
			"last_ban_time": "0001-01-01T00:00:00Z"
		},
		{
			"addr": {
				"id": "e8e55d45983e6f482cc6eb0073bcd3614c307086",
				"ip": "185.215.180.55",
				"port": 26656
			},
			"src": {
				"id": "4e08eb9d62607d05e3fa3fa52d98a00014c8040b",
				"ip": "0.0.0.0",
				"port": 26656
			},
			"buckets": [
				240,
				64,
				249,
				8
			],
			"attempts": 10,
			"bucket_type": 1,
			"last_attempt": "2022-03-14T23:04:23.278189771Z",
			"last_success": "0001-01-01T00:00:00Z",
			"last_ban_time": "0001-01-01T00:00:00Z"
		},
		{
			"addr": {
				"id": "d37ad3512b66be0f0d10d95d2cfc64b4dab2b74a",
				"ip": "65.21.153.64",
				"port": 26656
			},
			"src": {
				"id": "4e08eb9d62607d05e3fa3fa52d98a00014c8040b",
				"ip": "0.0.0.0",
				"port": 26656
			},
			"buckets": [
				59,
				155,
				237,
				8
			],
			"attempts": 8,
			"bucket_type": 1,
			"last_attempt": "2022-03-14T23:00:53.294250138Z",
			"last_success": "0001-01-01T00:00:00Z",
			"last_ban_time": "0001-01-01T00:00:00Z"
		},
		{
			"addr": {
				"id": "b65efc14137a426a795b5e78cf34def7e5240231",
				"ip": "89.163.164.211",
				"port": 26656
			},
			"src": {
				"id": "4e08eb9d62607d05e3fa3fa52d98a00014c8040b",
				"ip": "0.0.0.0",
				"port": 26656
			},
			"buckets": [
				30
			],
			"attempts": 0,
			"bucket_type": 2,
			"last_attempt": "2022-03-17T06:31:02.448002082Z",
			"last_success": "2022-03-17T06:31:02.448002082Z",
			"last_ban_time": "0001-01-01T00:00:00Z"
		},
		{
			"addr": {
				"id": "75f6cb54b5a5c4d1d94b77b776d05e709d9590cf",
				"ip": "207.180.243.239",
				"port": 26656
			},
			"src": {
				"id": "4e08eb9d62607d05e3fa3fa52d98a00014c8040b",
				"ip": "0.0.0.0",
				"port": 26656
			},
			"buckets": [
				99,
				73,
				54,
				8
			],
			"attempts": 13,
			"bucket_type": 1,
			"last_attempt": "2022-03-15T12:18:23.277674378Z",
			"last_success": "0001-01-01T00:00:00Z",
			"last_ban_time": "0001-01-01T00:00:00Z"
		},
		{
			"addr": {
				"id": "d6fd48d7f819f14e31475d59715a2efca9fce88a",
				"ip": "157.90.224.214",
				"port": 26656
			},
			"src": {
				"id": "0c019ac4e4f39d95355926435e50a25ed589915f",
				"ip": "0.0.0.0",
				"port": 26656
			},
			"buckets": [
				32
			],
			"attempts": 0,
			"bucket_type": 1,
			"last_attempt": "2022-03-15T12:19:20.47819422Z",
			"last_success": "0001-01-01T00:00:00Z",
			"last_ban_time": "0001-01-01T00:00:00Z"
		},
		{
			"addr": {
				"id": "aaf33a56ece5069ce730703a28a8ab885a95c078",
				"ip": "89.108.83.230",
				"port": 26656
			},
			"src": {
				"id": "b65efc14137a426a795b5e78cf34def7e5240231",
				"ip": "0.0.0.0",
				"port": 26656
			},
			"buckets": [
				72,
				247
			],
			"attempts": 0,
			"bucket_type": 1,
			"last_attempt": "2022-03-15T12:18:20.494193039Z",
			"last_success": "0001-01-01T00:00:00Z",
			"last_ban_time": "0001-01-01T00:00:00Z"
		},
		{
			"addr": {
				"id": "43476256fe7a2998fa64239540e2d300fa1e22ac",
				"ip": "5.189.166.10",
				"port": 26656
			},
			"src": {
				"id": "9f5c743e6d803cf68ec44cad1692289566e83005",
				"ip": "5.161.56.209",
				"port": 26656
			},
			"buckets": [
				249
			],
			"attempts": 0,
			"bucket_type": 1,
			"last_attempt": "2022-03-15T13:38:50.568809327Z",
			"last_success": "0001-01-01T00:00:00Z",
			"last_ban_time": "0001-01-01T00:00:00Z"
		},
		{
			"addr": {
				"id": "b570549b96018e8ad207a44d632c5814c3ab89c5",
				"ip": "194.163.151.153",
				"port": 26656
			},
			"src": {
				"id": "4e08eb9d62607d05e3fa3fa52d98a00014c8040b",
				"ip": "0.0.0.0",
				"port": 26656
			},
			"buckets": [
				38
			],
			"attempts": 0,
			"bucket_type": 1,
			"last_attempt": "2022-03-15T13:37:50.374653438Z",
			"last_success": "0001-01-01T00:00:00Z",
			"last_ban_time": "0001-01-01T00:00:00Z"
		},
		{
			"addr": {
				"id": "9ea4050cbeb87babb46191b271d5598e6daf6969",
				"ip": "157.90.242.59",
				"port": 26656
			},
			"src": {
				"id": "4e08eb9d62607d05e3fa3fa52d98a00014c8040b",
				"ip": "0.0.0.0",
				"port": 26656
			},
			"buckets": [
				52,
				75,
				223,
				32
			],
			"attempts": 10,
			"bucket_type": 1,
			"last_attempt": "2022-03-14T23:01:23.273177007Z",
			"last_success": "0001-01-01T00:00:00Z",
			"last_ban_time": "0001-01-01T00:00:00Z"
		},
		{
			"addr": {
				"id": "332dea7332a0c4647a147a08bf50bb2038931e4c",
				"ip": "81.30.158.46",
				"port": 26656
			},
			"src": {
				"id": "780c5062174c6774d4cbe93b41ef01d694cd8150",
				"ip": "0.0.0.0",
				"port": 26656
			},
			"buckets": [
				40
			],
			"attempts": 0,
			"bucket_type": 2,
			"last_attempt": "2022-03-17T06:33:43.452326217Z",
			"last_success": "2022-03-17T06:33:43.452326217Z",
			"last_ban_time": "0001-01-01T00:00:00Z"
		},
		{
			"addr": {
				"id": "e49ade14abb3bc2260f5b82bfd0224aad01b1100",
				"ip": "95.217.239.82",
				"port": 26656
			},
			"src": {
				"id": "4e08eb9d62607d05e3fa3fa52d98a00014c8040b",
				"ip": "0.0.0.0",
				"port": 26656
			},
			"buckets": [
				19,
				213,
				219,
				221
			],
			"attempts": 7,
			"bucket_type": 1,
			"last_attempt": "2022-03-14T23:01:51.276648036Z",
			"last_success": "0001-01-01T00:00:00Z",
			"last_ban_time": "0001-01-01T00:00:00Z"
		},
		{
			"addr": {
				"id": "1d82e6618563af2ddc3a6038c414f68a4ca29b66",
				"ip": "212.33.255.62",
				"port": 26656
			},
			"src": {
				"id": "608a9bc1c050de3f30e562c33cb55c4d37405b1a",
				"ip": "95.217.218.107",
				"port": 26656
			},
			"buckets": [
				164
			],
			"attempts": 0,
			"bucket_type": 1,
			"last_attempt": "2022-03-15T12:20:50.493495363Z",
			"last_success": "0001-01-01T00:00:00Z",
			"last_ban_time": "0001-01-01T00:00:00Z"
		},
		{
			"addr": {
				"id": "ced83bebe4239b7d595e82b9696c13fbb28f048f",
				"ip": "69.197.157.42",
				"port": 26656
			},
			"src": {
				"id": "214b0c7fd60bd64492401be9da5605e5a89093f3",
				"ip": "91.218.247.13",
				"port": 26656
			},
			"buckets": [
				230,
				86,
				87
			],
			"attempts": 0,
			"bucket_type": 1,
			"last_attempt": "2022-03-15T12:20:50.631975784Z",
			"last_success": "0001-01-01T00:00:00Z",
			"last_ban_time": "0001-01-01T00:00:00Z"
		},
		{
			"addr": {
				"id": "1196dd8fc48dd9cea0e6c0f997e60e40101d913f",
				"ip": "136.244.83.119",
				"port": 26656
			},
			"src": {
				"id": "4e08eb9d62607d05e3fa3fa52d98a00014c8040b",
				"ip": "0.0.0.0",
				"port": 26656
			},
			"buckets": [
				35,
				0
			],
			"attempts": 0,
			"bucket_type": 1,
			"last_attempt": "2022-03-15T13:37:50.374551638Z",
			"last_success": "0001-01-01T00:00:00Z",
			"last_ban_time": "0001-01-01T00:00:00Z"
		},
		{
			"addr": {
				"id": "6e2cbc3563cee9fd2d874985fa5e867e29e611af",
				"ip": "78.107.234.44",
				"port": 26666
			},
			"src": {
				"id": "214b0c7fd60bd64492401be9da5605e5a89093f3",
				"ip": "91.218.247.13",
				"port": 26656
			},
			"buckets": [
				5,
				15
			],
			"attempts": 0,
			"bucket_type": 1,
			"last_attempt": "2022-03-15T12:20:50.632127988Z",
			"last_success": "0001-01-01T00:00:00Z",
			"last_ban_time": "0001-01-01T00:00:00Z"
		},
		{
			"addr": {
				"id": "4cb848c71d756e5ca4ad27e7cca41645565f179f",
				"ip": "185.185.80.170",
				"port": 26656
			},
			"src": {
				"id": "70e2d2acae2b8d915e3899d6e9290c62921efcde",
				"ip": "142.132.191.243",
				"port": 26656
			},
			"buckets": [
				12
			],
			"attempts": 0,
			"bucket_type": 2,
			"last_attempt": "2022-03-17T05:56:01.386187846Z",
			"last_success": "2022-03-17T05:56:01.386187846Z",
			"last_ban_time": "0001-01-01T00:00:00Z"
		},
		{
			"addr": {
				"id": "17e0acd3079fc027f2fabf2a44e28130bea47acb",
				"ip": "95.216.35.188",
				"port": 26656
			},
			"src": {
				"id": "4e08eb9d62607d05e3fa3fa52d98a00014c8040b",
				"ip": "0.0.0.0",
				"port": 26656
			},
			"buckets": [
				127,
				131,
				252,
				186
			],
			"attempts": 9,
			"bucket_type": 1,
			"last_attempt": "2022-03-14T23:02:23.291904324Z",
			"last_success": "0001-01-01T00:00:00Z",
			"last_ban_time": "0001-01-01T00:00:00Z"
		},
		{
			"addr": {
				"id": "b9e64be5ee0d0270f44ac4393a8f45e24f78d747",
				"ip": "62.171.150.241",
				"port": 26656
			},
			"src": {
				"id": "4e08eb9d62607d05e3fa3fa52d98a00014c8040b",
				"ip": "0.0.0.0",
				"port": 26656
			},
			"buckets": [
				53,
				194,
				210,
				131
			],
			"attempts": 13,
			"bucket_type": 1,
			"last_attempt": "2022-03-14T23:03:53.275625154Z",
			"last_success": "0001-01-01T00:00:00Z",
			"last_ban_time": "0001-01-01T00:00:00Z"
		},
		{
			"addr": {
				"id": "cd7d6612d613d28e40dd83ea37ee898c8462ecf5",
				"ip": "176.9.118.226",
				"port": 26656
			},
			"src": {
				"id": "4e08eb9d62607d05e3fa3fa52d98a00014c8040b",
				"ip": "0.0.0.0",
				"port": 26656
			},
			"buckets": [
				49,
				242
			],
			"attempts": 0,
			"bucket_type": 1,
			"last_attempt": "2022-03-14T23:31:19.187422714Z",
			"last_success": "0001-01-01T00:00:00Z",
			"last_ban_time": "0001-01-01T00:00:00Z"
		},
		{
			"addr": {
				"id": "0b0dc38f537c951f88a6cd393afdb0b0418d7993",
				"ip": "38.242.220.86",
				"port": 26656
			},
			"src": {
				"id": "0c019ac4e4f39d95355926435e50a25ed589915f",
				"ip": "0.0.0.0",
				"port": 26656
			},
			"buckets": [
				213,
				173
			],
			"attempts": 0,
			"bucket_type": 1,
			"last_attempt": "2022-03-15T12:19:20.478136893Z",
			"last_success": "0001-01-01T00:00:00Z",
			"last_ban_time": "0001-01-01T00:00:00Z"
		},
		{
			"addr": {
				"id": "777f886550b5099bedd369f1c2e27900490e3e42",
				"ip": "136.244.83.119",
				"port": 26656
			},
			"src": {
				"id": "0c019ac4e4f39d95355926435e50a25ed589915f",
				"ip": "0.0.0.0",
				"port": 26656
			},
			"buckets": [
				35
			],
			"attempts": 0,
			"bucket_type": 1,
			"last_attempt": "2022-03-15T12:19:20.478236439Z",
			"last_success": "0001-01-01T00:00:00Z",
			"last_ban_time": "0001-01-01T00:00:00Z"
		},
		{
			"addr": {
				"id": "c14b4305187e486f464301b47b1d479298379b6d",
				"ip": "62.171.156.161",
				"port": 26656
			},
			"src": {
				"id": "332dea7332a0c4647a147a08bf50bb2038931e4c",
				"ip": "0.0.0.0",
				"port": 26656
			},
			"buckets": [
				131,
				108
			],
			"attempts": 0,
			"bucket_type": 1,
			"last_attempt": "2022-03-15T12:20:20.339897158Z",
			"last_success": "0001-01-01T00:00:00Z",
			"last_ban_time": "0001-01-01T00:00:00Z"
		},
		{
			"addr": {
				"id": "3343f89dca6fb713c38841783d0ec2db4220508f",
				"ip": "46.17.104.52",
				"port": 26656
			},
			"src": {
				"id": "0c019ac4e4f39d95355926435e50a25ed589915f",
				"ip": "0.0.0.0",
				"port": 26656
			},
			"buckets": [
				213
			],
			"attempts": 0,
			"bucket_type": 1,
			"last_attempt": "2022-03-15T13:37:20.480721071Z",
			"last_success": "0001-01-01T00:00:00Z",
			"last_ban_time": "0001-01-01T00:00:00Z"
		},
		{
			"addr": {
				"id": "da02a7bafc186e0dd2615963dab8ea8cf49ecaee",
				"ip": "194.163.182.222",
				"port": 31656
			},
			"src": {
				"id": "34a6bf27fa32bac81d6d76e6e2bab3c0ed55f07f",
				"ip": "142.132.227.126",
				"port": 26656
			},
			"buckets": [
				64,
				38,
				230,
				207
			],
			"attempts": 3,
			"bucket_type": 1,
			"last_attempt": "2022-03-14T22:56:20.278198118Z",
			"last_success": "0001-01-01T00:00:00Z",
			"last_ban_time": "0001-01-01T00:00:00Z"
		},
		{
			"addr": {
				"id": "db1eb15489379a88a7bfd8d093dba3436d03f6f4",
				"ip": "89.108.83.75",
				"port": 26656
			},
			"src": {
				"id": "0c019ac4e4f39d95355926435e50a25ed589915f",
				"ip": "0.0.0.0",
				"port": 26656
			},
			"buckets": [
				72,
				73,
				247
			],
			"attempts": 0,
			"bucket_type": 1,
			"last_attempt": "2022-03-15T12:18:50.309057107Z",
			"last_success": "0001-01-01T00:00:00Z",
			"last_ban_time": "0001-01-01T00:00:00Z"
		},
		{
			"addr": {
				"id": "b662ff117f51d2f4aedca3de60865ed9b6303dbe",
				"ip": "5.9.99.114",
				"port": 26656
			},
			"src": {
				"id": "0c019ac4e4f39d95355926435e50a25ed589915f",
				"ip": "0.0.0.0",
				"port": 26656
			},
			"buckets": [
				160
			],
			"attempts": 0,
			"bucket_type": 1,
			"last_attempt": "2022-03-15T12:18:50.309322852Z",
			"last_success": "0001-01-01T00:00:00Z",
			"last_ban_time": "0001-01-01T00:00:00Z"
		},
		{
			"addr": {
				"id": "a12ad68b8bdd123f035508c90e174175cd2094a9",
				"ip": "78.47.106.104",
				"port": 26656
			},
			"src": {
				"id": "0c019ac4e4f39d95355926435e50a25ed589915f",
				"ip": "0.0.0.0",
				"port": 26656
			},
			"buckets": [
				86
			],
			"attempts": 0,
			"bucket_type": 1,
			"last_attempt": "2022-03-15T12:18:50.309280293Z",
			"last_success": "0001-01-01T00:00:00Z",
			"last_ban_time": "0001-01-01T00:00:00Z"
		},
		{
			"addr": {
				"id": "080ab80be1075ce76dbad2719475baed50a5e814",
				"ip": "185.185.82.194",
				"port": 26656
			},
			"src": {
				"id": "214b0c7fd60bd64492401be9da5605e5a89093f3",
				"ip": "91.218.247.13",
				"port": 26656
			},
			"buckets": [
				30
			],
			"attempts": 0,
			"bucket_type": 1,
			"last_attempt": "2022-03-15T12:20:50.632086309Z",
			"last_success": "0001-01-01T00:00:00Z",
			"last_ban_time": "0001-01-01T00:00:00Z"
		},
		{
			"addr": {
				"id": "900505372cecaa8082e0cb0d7a84d90c4b19efd9",
				"ip": "194.163.151.154",
				"port": 26656
			},
			"src": {
				"id": "4e08eb9d62607d05e3fa3fa52d98a00014c8040b",
				"ip": "0.0.0.0",
				"port": 26656
			},
			"buckets": [
				38
			],
			"attempts": 0,
			"bucket_type": 1,
			"last_attempt": "2022-03-15T13:38:20.471844067Z",
			"last_success": "0001-01-01T00:00:00Z",
			"last_ban_time": "0001-01-01T00:00:00Z"
		},
		{
			"addr": {
				"id": "ece6b901c278f91410b798edef805ba1d358c660",
				"ip": "59.13.223.197",
				"port": 30717
			},
			"src": {
				"id": "4e08eb9d62607d05e3fa3fa52d98a00014c8040b",
				"ip": "0.0.0.0",
				"port": 26656
			},
			"buckets": [
				59,
				73,
				157,
				6
			],
			"attempts": 10,
			"bucket_type": 1,
			"last_attempt": "2022-03-15T13:37:23.543635928Z",
			"last_success": "0001-01-01T00:00:00Z",
			"last_ban_time": "0001-01-01T00:00:00Z"
		},
		{
			"addr": {
				"id": "1921e5e68177d7415615bca038850cf79e96eca3",
				"ip": "204.12.243.50",
				"port": 26656
			},
			"src": {
				"id": "9f5c743e6d803cf68ec44cad1692289566e83005",
				"ip": "5.161.56.209",
				"port": 26656
			},
			"buckets": [
				41
			],
			"attempts": 0,
			"bucket_type": 1,
			"last_attempt": "2022-03-15T12:19:50.567792292Z",
			"last_success": "0001-01-01T00:00:00Z",
			"last_ban_time": "0001-01-01T00:00:00Z"
		},
		{
			"addr": {
				"id": "c20e840c26ad11759a51940d98aa6b040c0a66e1",
				"ip": "45.88.191.87",
				"port": 26656
			},
			"src": {
				"id": "4e08eb9d62607d05e3fa3fa52d98a00014c8040b",
				"ip": "0.0.0.0",
				"port": 26656
			},
			"buckets": [
				200,
				226,
				221,
				86
			],
			"attempts": 13,
			"bucket_type": 1,
			"last_attempt": "2022-03-14T23:02:23.27883116Z",
			"last_success": "0001-01-01T00:00:00Z",
			"last_ban_time": "0001-01-01T00:00:00Z"
		},
		{
			"addr": {
				"id": "37b0a6ed13b659640752908f77f6aadea3aea202",
				"ip": "212.8.247.147",
				"port": 26656
			},
			"src": {
				"id": "4e08eb9d62607d05e3fa3fa52d98a00014c8040b",
				"ip": "0.0.0.0",
				"port": 26656
			},
			"buckets": [
				117
			],
			"attempts": 0,
			"bucket_type": 1,
			"last_attempt": "2022-03-15T13:37:50.374467501Z",
			"last_success": "0001-01-01T00:00:00Z",
			"last_ban_time": "0001-01-01T00:00:00Z"
		},
		{
			"addr": {
				"id": "66fb77b85fffc6afaaa795e0d9622b81b12fba0e",
				"ip": "5.9.153.22",
				"port": 26656
			},
			"src": {
				"id": "4e08eb9d62607d05e3fa3fa52d98a00014c8040b",
				"ip": "0.0.0.0",
				"port": 26656
			},
			"buckets": [
				160
			],
			"attempts": 0,
			"bucket_type": 1,
			"last_attempt": "2022-03-15T13:38:20.471869974Z",
			"last_success": "0001-01-01T00:00:00Z",
			"last_ban_time": "0001-01-01T00:00:00Z"
		},
		{
			"addr": {
				"id": "553fa6c2c29be99e52735498a1154da31be6a98f",
				"ip": "108.61.167.181",
				"port": 26656
			},
			"src": {
				"id": "28550fc5f2ff8a6210e4452bbac7c042a47eedb3",
				"ip": "38.242.216.223",
				"port": 26656
			},
			"buckets": [
				221
			],
			"attempts": 0,
			"bucket_type": 1,
			"last_attempt": "2022-03-15T13:38:50.524735791Z",
			"last_success": "0001-01-01T00:00:00Z",
			"last_ban_time": "0001-01-01T00:00:00Z"
		},
		{
			"addr": {
				"id": "3b326c3c1cffb1be693a89f150f2dc7079514878",
				"ip": "65.21.131.217",
				"port": 26656
			},
			"src": {
				"id": "bae4dbfc31817154524154e72fa73eb4cb6923a7",
				"ip": "62.113.103.170",
				"port": 26656
			},
			"buckets": [
				23
			],
			"attempts": 0,
			"bucket_type": 2,
			"last_attempt": "2022-03-17T06:19:09.020193793Z",
			"last_success": "2022-03-17T06:19:09.020193793Z",
			"last_ban_time": "0001-01-01T00:00:00Z"
		},
		{
			"addr": {
				"id": "7104081301cdd10dc65632a635a1f660b48cfa36",
				"ip": "38.242.223.101",
				"port": 26656
			},
			"src": {
				"id": "9f5c743e6d803cf68ec44cad1692289566e83005",
				"ip": "5.161.56.209",
				"port": 26656
			},
			"buckets": [
				85
			],
			"attempts": 0,
			"bucket_type": 1,
			"last_attempt": "2022-03-15T13:38:50.568828764Z",
			"last_success": "0001-01-01T00:00:00Z",
			"last_ban_time": "0001-01-01T00:00:00Z"
		}
	]
}