{
  "__inputs": [
    {
      "name": "DS_PROMETHEUS",
      "label": "prometheus-infra-prod",
      "description": "",
      "type": "datasource",
      "pluginId": "prometheus",
      "pluginName": "Prometheus"
    }
  ],
  "__requires": [
    {
      "type": "grafana",
      "id": "grafana",
      "name": "Grafana",
      "version": "8.0.4"
    },
    {
      "type": "datasource",
      "id": "prometheus",
      "name": "Prometheus",
      "version": "1.0.0"
    },
    {
      "type": "panel",
      "id": "stat",
      "name": "Stat",
      "version": ""
    },
    {
      "type": "panel",
      "id": "table",
      "name": "Table",
      "version": ""
    },
    {
      "type": "panel",
      "id": "timeseries",
      "name": "Time series",
      "version": ""
    }
  ],
  "annotations": {
    "list": [
      {
        "builtIn": 1,
        "datasource": "-- Grafana --",
        "enable": true,
        "hide": true,
        "iconColor": "rgba(0, 211, 255, 1)",
        "name": "Annotations & Alerts",
        "type": "dashboard"
      }
    ]
  },
  "editable": true,
  "gnetId": null,
  "graphTooltip": 0,
  "id": null,
  "iteration": 1631688084016,
  "links": [],
  "panels": [
    {
      "datasource": "${DS_PROMETHEUS}",
      "fieldConfig": {
        "defaults": {
          "color": {
            "mode": "thresholds"
          },
          "mappings": [
            {
              "options": {
                "0": {
                  "color": "grey",
                  "index": 0,
                  "text": "Inactive"
                },
                "1": {
                  "color": "orange",
                  "index": 1,
                  "text": "No Index"
                },
                "2": {
                  "color": "dark-red",
                  "index": 2,
                  "text": "Error"
                },
                "3": {
                  "color": "green",
                  "index": 3,
                  "text": "Ready"
                },
                "4": {
                  "color": "gray",
                  "index": 4,
                  "text": "Not Activated"
                },
                "5": {
                  "color": "gray",
                  "index": 5,
                  "text": "Exited"
                },
                "6": {
                  "color": "red",
                  "index": 6,
                  "text": "Slashed"
                },
                "7": {
                  "color": "red",
                  "index": 7,
                  "text": "Not Found"
                }
              },
              "type": "value"
            }
          ],
          "thresholds": {
            "mode": "absolute",
            "steps": [
              {
                "color": "green",
                "value": null
              }
            ]
          }
        },
        "overrides": []
      },
      "gridPos": {
        "h": 7,
        "w": 5,
        "x": 0,
        "y": 0
      },
      "id": 68,
      "options": {
        "colorMode": "value",
        "graphMode": "area",
        "justifyMode": "auto",
        "orientation": "auto",
        "reduceOptions": {
          "calcs": [
            "lastNotNull"
          ],
          "fields": "",
          "values": false
        },
        "text": {},
        "textMode": "auto"
      },
      "pluginVersion": "8.0.4",
      "targets": [
        {
          "exemplar": true,
          "expr": "ssv:validator:status{instance=~\"$instance.*\",pubKey=\"$pubkey\"}",
          "interval": "",
          "legendFormat": "",
          "refId": "A"
        }
      ],
      "title": "Status",
      "type": "stat"
    },
    {
      "datasource": "${DS_PROMETHEUS}",
      "fieldConfig": {
        "defaults": {
          "color": {
            "mode": "thresholds"
          },
          "mappings": [],
          "noValue": "No Peers",
          "thresholds": {
            "mode": "absolute",
            "steps": [
              {
                "color": "red",
                "value": null
              },
              {
                "color": "#EAB839",
                "value": 2
              },
              {
                "color": "green",
                "value": 3
              }
            ]
          }
        },
        "overrides": []
      },
      "gridPos": {
        "h": 7,
        "w": 4,
        "x": 5,
        "y": 0
      },
      "id": 44,
      "options": {
        "colorMode": "value",
        "graphMode": "area",
        "justifyMode": "auto",
        "orientation": "auto",
        "reduceOptions": {
          "calcs": [
            "lastNotNull"
          ],
          "fields": "",
          "values": false
        },
        "text": {},
        "textMode": "auto"
      },
      "pluginVersion": "8.0.4",
      "targets": [
        {
          "exemplar": true,
          "expr": "ssv:network:connected_peers{instance=~\"$instance.*\",pubKey=\"$pubkey\"}",
          "interval": "",
          "legendFormat": "{{pubKey}}",
          "refId": "A"
        }
      ],
      "title": "Connected Peers",
      "type": "stat"
    },
    {
      "collapsed": false,
      "datasource": null,
      "gridPos": {
        "h": 1,
        "w": 24,
        "x": 0,
        "y": 16
      },
      "id": 56,
      "panels": [],
      "title": "Attestations",
      "type": "row"
    },
    {
      "datasource": "${DS_PROMETHEUS}",
      "fieldConfig": {
        "defaults": {
          "color": {
            "mode": "thresholds"
          },
          "mappings": [],
          "noValue": "N/A",
          "thresholds": {
            "mode": "absolute",
            "steps": [
              {
                "color": "grey",
                "value": null
              },
              {
                "color": "green",
                "value": 1
              }
            ]
          }
        },
        "overrides": []
      },
      "gridPos": {
        "h": 6,
        "w": 8,
        "x": 0,
        "y": 17
      },
      "id": 42,
      "options": {
        "colorMode": "value",
        "graphMode": "area",
        "justifyMode": "auto",
        "orientation": "auto",
        "reduceOptions": {
          "calcs": [
            "lastNotNull"
          ],
          "fields": "",
          "values": false
        },
        "text": {},
        "textMode": "auto"
      },
      "pluginVersion": "8.0.4",
      "targets": [
        {
          "exemplar": true,
          "expr": "ssv:validator:ibft_highest_decided{instance=~\"$instance.*\",pubKey=\"$pubkey\"}",
          "interval": "",
          "legendFormat": "{{pubKey}}",
          "refId": "A"
        }
      ],
      "title": "Highest Decided",
      "type": "stat"
    },
    {
      "datasource": "${DS_PROMETHEUS}",
      "fieldConfig": {
        "defaults": {
          "color": {
            "mode": "thresholds"
          },
          "mappings": [
            {
              "options": {
                "0": {
                  "color": "gray",
                  "index": 0,
                  "text": "IDLE"
                },
                "1": {
                  "color": "green",
                  "index": 1,
                  "text": "Running"
                },
                "2": {
                  "color": "yellow",
                  "index": 2,
                  "text": "Initializing"
                },
                "3": {
                  "color": "green",
                  "index": 3,
                  "text": "Initialized"
                },
                "4": {
                  "color": "red",
                  "index": 4,
                  "text": "Error"
                }
              },
              "type": "value"
            }
          ],
          "max": 1,
          "noValue": "N/A",
          "thresholds": {
            "mode": "absolute",
            "steps": [
              {
                "color": "grey",
                "value": null
              },
              {
                "color": "green",
                "value": 1
              }
            ]
          },
          "unit": "bool_on_off"
        },
        "overrides": []
      },
      "gridPos": {
        "h": 6,
        "w": 6,
        "x": 8,
        "y": 17
      },
      "id": 50,
      "options": {
        "colorMode": "value",
        "graphMode": "area",
        "justifyMode": "auto",
        "orientation": "auto",
        "reduceOptions": {
          "calcs": [
            "lastNotNull"
          ],
          "fields": "",
          "values": false
        },
        "text": {},
        "textMode": "auto"
      },
      "pluginVersion": "8.0.4",
      "targets": [
        {
          "exemplar": true,
          "expr": "ssv:validator:running_ibfts_count{instance=~\"$instance.*\",pubKey=\"$pubkey\"}",
          "instant": false,
          "interval": "",
          "legendFormat": "",
          "refId": "A"
        }
      ],
      "title": "IBFT",
      "type": "stat"
    },
    {
      "datasource": "${DS_PROMETHEUS}",
      "fieldConfig": {
        "defaults": {
          "color": {
            "mode": "thresholds"
          },
          "mappings": [
            {
              "options": {
                "0": {
                  "index": 0,
                  "text": "Not Started"
                },
                "1": {
                  "color": "green",
                  "index": 1,
                  "text": "Pre Prepare"
                },
                "2": {
                  "color": "green",
                  "index": 2,
                  "text": "Prepare"
                },
                "3": {
                  "color": "green",
                  "index": 3,
                  "text": "Commit"
                },
                "4": {
                  "color": "yellow",
                  "index": 4,
                  "text": "Change Round"
                },
                "5": {
                  "color": "blue",
                  "index": 5,
                  "text": "Decided"
                },
                "6": {
                  "color": "rgba(59, 59, 59, 1)",
                  "index": 6,
                  "text": "Stopped"
                }
              },
              "type": "value"
            }
          ],
          "noValue": "N/A",
          "thresholds": {
            "mode": "absolute",
            "steps": [
              {
                "color": "grey",
                "value": null
              },
              {
                "color": "green",
                "value": 1
              }
            ]
          }
        },
        "overrides": []
      },
      "gridPos": {
        "h": 6,
        "w": 6,
        "x": 14,
        "y": 17
      },
      "id": 46,
      "options": {
        "colorMode": "value",
        "graphMode": "none",
        "justifyMode": "auto",
        "orientation": "auto",
        "reduceOptions": {
          "calcs": [
            "lastNotNull"
          ],
          "fields": "",
          "values": false
        },
        "text": {},
        "textMode": "auto"
      },
      "pluginVersion": "8.0.4",
      "targets": [
        {
          "exemplar": true,
          "expr": "ssv:validator:ibft_stage{instance=~\"$instance.*\",pubKey=\"$pubkey\"}",
          "interval": "",
          "legendFormat": "",
          "refId": "A"
        }
      ],
      "title": "Stage",
      "type": "stat"
    },
    {
      "datasource": "${DS_PROMETHEUS}",
      "fieldConfig": {
        "defaults": {
          "color": {
            "mode": "thresholds"
          },
          "mappings": [],
          "noValue": "N/A",
          "thresholds": {
            "mode": "absolute",
            "steps": [
              {
                "color": "grey",
                "value": null
              },
              {
                "color": "green",
                "value": 1
              }
            ]
          }
        },
        "overrides": []
      },
      "gridPos": {
        "h": 6,
        "w": 8,
        "x": 0,
        "y": 23
      },
      "id": 54,
      "options": {
        "colorMode": "value",
        "graphMode": "area",
        "justifyMode": "auto",
        "orientation": "auto",
        "reduceOptions": {
          "calcs": [
            "lastNotNull"
          ],
          "fields": "",
          "values": false
        },
        "text": {},
        "textMode": "auto"
      },
      "pluginVersion": "8.0.4",
      "targets": [
        {
          "exemplar": true,
          "expr": "ssv:validator:ibft_current_sequence{instance=~\"$instance.*\",pubKey=\"$pubkey\"}",
          "interval": "",
          "legendFormat": "",
          "refId": "A"
        }
      ],
      "title": "Current Sequence",
      "type": "stat"
    },
    {
      "datasource": "${DS_PROMETHEUS}",
      "fieldConfig": {
        "defaults": {
          "color": {
            "mode": "thresholds"
          },
          "mappings": [],
          "noValue": "N/A",
          "thresholds": {
            "mode": "absolute",
            "steps": [
              {
                "color": "grey",
                "value": null
              },
              {
                "color": "green",
                "value": 1
              }
            ]
          }
        },
        "overrides": []
      },
      "gridPos": {
        "h": 6,
        "w": 8,
        "x": 8,
        "y": 23
      },
      "id": 52,
      "options": {
        "colorMode": "value",
        "graphMode": "area",
        "justifyMode": "auto",
        "orientation": "auto",
        "reduceOptions": {
          "calcs": [
            "lastNotNull"
          ],
          "fields": "",
          "values": false
        },
        "text": {},
        "textMode": "auto"
      },
      "pluginVersion": "8.0.4",
      "targets": [
        {
          "exemplar": true,
          "expr": "ssv:validator:ibft_current_slot{instance=~\"$instance.*\",pubKey=\"$pubkey\"}",
          "interval": "",
          "legendFormat": "",
          "refId": "A"
        }
      ],
      "title": "Current Slot",
      "type": "stat"
    },
    {
      "datasource": "${DS_PROMETHEUS}",
      "fieldConfig": {
        "defaults": {
          "color": {
            "mode": "thresholds"
          },
          "mappings": [],
          "noValue": "N/A",
          "thresholds": {
            "mode": "absolute",
            "steps": [
              {
                "color": "grey",
                "value": null
              },
              {
                "color": "#EAB839",
                "value": 4
              },
              {
                "color": "orange",
                "value": 6
              },
              {
                "color": "red",
                "value": 8
              },
              {
                "color": "dark-red",
                "value": 12
              }
            ]
          }
        },
        "overrides": []
      },
      "gridPos": {
        "h": 6,
        "w": 4,
        "x": 16,
        "y": 23
      },
      "id": 48,
      "options": {
        "colorMode": "value",
        "graphMode": "area",
        "justifyMode": "auto",
        "orientation": "auto",
        "reduceOptions": {
          "calcs": [
            "lastNotNull"
          ],
          "fields": "",
          "values": false
        },
        "text": {},
        "textMode": "auto"
      },
      "pluginVersion": "8.0.4",
      "targets": [
        {
          "exemplar": true,
          "expr": "ssv:validator:ibft_round{instance=~\"$instance.*\",pubKey=\"$pubkey\"}",
          "interval": "",
          "legendFormat": "",
          "refId": "A"
        }
      ],
      "title": "Round",
      "type": "stat"
    }
  ],
  "refresh": "10s",
  "schemaVersion": 30,
  "style": "dark",
  "tags": [],
  "templating": {
    "list": [
      {
        "allValue": null,
        "current": {
          "selected": false,
          "text": "ssv-node-v2-1",
          "value": "ssv-node-v2-1"
        },
        "description": null,
        "error": null,
        "hide": 1,
        "includeAll": false,
        "label": null,
        "multi": false,
        "name": "instance",
        "options": [
          {
            "selected": true,
            "text": "ssv-node-v2-1",
            "value": "ssv-node-v2-1"
          },
          {
            "selected": false,
            "text": "ssv-node-v2-2",
            "value": "ssv-node-v2-2"
          },
          {
            "selected": false,
            "text": "ssv-node-v2-3",
            "value": "ssv-node-v2-3"
          },
          {
            "selected": false,
            "text": "ssv-node-v2-4",
            "value": "ssv-node-v2-4"
          }
        ],
        "query": "ssv-node-v2-1,ssv-node-v2-2,ssv-node-v2-3,ssv-node-v2-4",
        "queryValue": "",
        "skipUrlSync": false,
        "type": "custom"
      },
      {
        "allValue": null,
        "current": {},
        "datasource": "${DS_PROMETHEUS}",
        "definition": "ssv:network:connected_peers{instance=~\"$instance.*\"}",
        "description": "",
        "error": null,
        "hide": 0,
        "includeAll": false,
        "label": "Public Key",
        "multi": false,
        "name": "pubkey",
        "options": [],
        "query": {
          "query": "ssv:network:connected_peers{instance=~\"$instance.*\"}",
          "refId": "StandardVariableQuery"
        },
        "refresh": 1,
        "regex": "/.*pubKey=\"([a-z0-9]+)\".*/",
        "skipUrlSync": false,
        "sort": 0,
        "type": "query"
      }
    ]
  },
  "time": {
    "from": "now-3h",
    "to": "now"
  },
  "timepicker": {},
  "timezone": "",
  "title": "SSV Validator",
  "uid": "XIbEQ37aa",
  "version": 17
}